name,price
Frontier Product,19.99
Frontier Product,19.99
Frontier Product,19.99
Frontier Product,19.99
Frontier Product,19.99
Frontier Product,19.99
foobar1,19.99
foobar1,
foobar1,
foobar1,
Product,
Product,
Product,
Product,
Product,
Product,
Product,
Product,
Product,
Product,
Product,
Product,
Product,
Product,
Product,
Product,
Product,
Product,
Product,
Product,
Product,
Product,
Product,
Product,
Product,
Product,
Product,
Product,
Product,
Product,
Product,
Product,
Product,
Product,
Product,
Product,
Product,
WordPress Pennant,11.05
Beanie with Logo,18
T-Shirt with Logo,18
Logo Collection,18
Single,2
Album,15
Polo,20
Long Sleeve Tee,25
Hoodie with Zipper,45
Hoodie with Pocket,35
Sunglasses,90
Cap,16
Belt,55
Beanie,18
V-Neck T-Shirt,15
T-Shirt,18
Hoodie with Logo,45
Hoodie,42
